{"cameraMode":{"drawMode":0,"name":"Shaded","section":"Shading Mode"},"sceneLighting":true,"audioPlay":false,"sceneViewState":{"m_AlwaysRefresh":false,"showFog":true,"showSkybox":true,"showFlares":true,"showImageEffects":true,"showParticleSystems":true,"showVisualEffectGraphs":true,"m_FxEnabled":true},"in2DMode":false,"pivot":{"x":-91.53229522705078,"y":-2.140648365020752,"z":27.547807693481447},"rotation":{"x":0.1239139586687088,"y":0.022437551990151407,"z":-0.004387089051306248,"w":0.9919434189796448},"size":10.029023170471192,"orthographic":false}